customer_id,name,email,phone,country
1,Brandon Russell,grayanna@christian-moore.com,+1-532-061-9610,Germany
2,Ashley Williams,kristysmith@berry-baker.com,001-458-739-8950x68689,Tuvalu
3,Kelly Barnes,jessicamiller@barrett-jackson.com,+1-617-695-0391,Switzerland
4,Alexandria Bell,upatel@fowler.com,+1-722-876-7002,Korea
5,David Bell,awalters@gmail.com,+1-185-116-0861x860,Gibraltar
6,John Potter,obailey@hotmail.com,(612)531-0868,Gambia
7,Matthew Moon,david58@gmail.com,+1-296-602-7057x7460,Cayman Islands
8,Shelby Robertson,vincent85@barry.com,833-546-0813x830,Congo
9,David Greene,angela28@hartman.info,001-604-975-6382x9099,Lithuania
10,Kevin Vazquez,qcox@yahoo.com,537-532-6066x84286,Heard Island and McDonald Islands
11,Edward Odonnell,raymondbrett@yahoo.com,179-537-4799x5378,Montserrat
12,Denise Friedman,smithdonna@anderson.net,(553)907-8949,United Arab Emirates
13,Mrs. Jasmine Watts,justin65@williams-smith.com,048.283.4773,Finland
14,Ashley Salazar,abigailweeks@hotmail.com,(671)096-6852x7233,Dominican Republic
15,Dana Clark,smithdiana@hotmail.com,0364241453,Malawi
16,Isaiah Hernandez,qwalker@myers-lopez.com,042.712.1758x9078,Guinea
17,Daniel Zuniga,watkinsmark@deleon.biz,(627)202-1501,Cameroon
18,Jeffrey Harris,browndanny@hotmail.com,205-733-3652,Benin
19,Dorothy Caldwell,lisabrown@gmail.com,343-280-9846,Micronesia
20,Mark Bradford,michael05@blake.com,+1-571-983-6133x567,Finland
21,Kristen Stephens,greenanthony@hotmail.com,+1-235-212-9141x15045,Bulgaria
22,Brandon Green,hestermark@delacruz.com,1191765226,Afghanistan
23,David Smith,leahmiller@hotmail.com,626-410-1964x908,Rwanda
24,Eric Harper,wadekyle@gmail.com,(370)612-2083x17936,Mongolia
25,Shannon Dawson,duffymichelle@gmail.com,084.030.2810x679,Hungary
26,Clarence Barrett,millerjason@hotmail.com,+1-294-586-4462x8881,Timor-Leste
27,Stefanie Munoz,gibsondiana@lindsey.com,001-754-899-5320x50917,Spain
28,Jason Thompson,hallpatrick@hunter.com,001-783-875-5964x57231,Saint Lucia
29,Amy Black,sarah22@jackson.com,001-838-278-0724x58731,Japan
30,Sherry Foster,shancock@baird.info,1055538879,Puerto Rico
31,David Lopez,lisacopeland@yahoo.com,+1-052-458-4153x0182,Malaysia
32,John Fisher,lindseyisaac@gmail.com,671-615-8613x41152,Comoros
33,Austin Meyers,therring@gmail.com,(014)866-5551x59210,Kenya
34,Frank Bryan,jacqueline25@hotmail.com,538.097.2353x7834,United States Minor Outlying Islands
35,Christina Olson,dsims@yahoo.com,(416)719-5699x98230,Central African Republic
36,Rachel Wallace,kimberlythompson@hotmail.com,619.681.5722,Guatemala
37,Betty Oconnell,dmoore@yahoo.com,+1-393-439-9043x970,Cocos (Keeling) Islands
38,Gary Wade,benjamin30@lewis-thompson.info,(218)809-3162x34272,Morocco
39,James Johnson,ryan92@hotmail.com,(334)782-9328,Chile
40,Steven Wilson,jaclynporter@hotmail.com,+1-638-396-1448x44329,Costa Rica
41,Mrs. Michelle Davis,djones@yahoo.com,168.417.0245x27741,Qatar
42,William Watson Jr.,joseph81@gmail.com,5577622325,Costa Rica
43,Nicole Cabrera,kwatson@holder-diaz.biz,+1-603-739-3295,Kenya
44,Lisa Montes,qrogers@young.com,272-238-2246x870,Hong Kong
45,Debbie Harrington,charlesyang@yahoo.com,+1-415-264-7879x0032,Kyrgyz Republic
46,Crystal Holmes,tiffany23@smith.com,887.874.3563x89330,Panama
47,Sierra Sims,michelle42@hotmail.com,(523)215-3519x7005,New Zealand
48,Kristy Wong,diana23@yahoo.com,+1-637-943-9547x9475,Madagascar
49,Brooke Crawford,drewgraham@estrada.info,+1-335-033-2924x3629,Malawi
50,Paul Morse,stephaniebarnett@brown.com,366-818-4629x62535,Martinique
51,Lauren Johnson,kimberly10@yahoo.com,9061212534,Dominican Republic
52,David Johnson,thomastran@martin.org,+1-931-617-1512x79838,Burundi
53,David Miller,cody30@hotmail.com,551-384-0141x886,Ecuador
54,George Owens,ewashington@copeland.info,(388)083-5229x2994,Timor-Leste
55,Timothy Shields,hillwalter@jenkins-daniel.info,127-298-9948x85794,Chile
56,Danny Wong,davisnancy@gmail.com,636.458.8489x808,Botswana
57,Cameron Castillo,tammymercer@hotmail.com,423-119-9452,Germany
58,Jessica Miller,xwatson@johnson.info,+1-837-133-2842x52416,Guinea-Bissau
59,Jennifer Blair,alangordon@gmail.com,001-376-244-4037x300,Haiti
60,Wayne Hutchinson,leesteve@gmail.com,8212288880,Bahamas
61,Dana Shah,heathersalas@gmail.com,9436958908,Cocos (Keeling) Islands
62,Steven Hartman,powelldonald@hotmail.com,874.213.9751x3503,French Southern Territories
63,Dr. Jason Hubbard DDS,ywalker@gmail.com,001-896-513-3038,Slovakia (Slovak Republic)
64,Sarah Rowe,jonathanmitchell@burgess.com,+1-461-056-6959,Georgia
65,Victoria Rubio,tamaraparsons@gmail.com,(153)006-2913x45949,Central African Republic
66,Christopher Woods,justin60@brown.com,830-889-7802,Finland
67,George Perry,patricialewis@ellis.com,(970)548-0372x55558,Haiti
68,Tricia Williams,jonathan85@gross.net,001-893-579-5657x70991,Ukraine
69,Charles Oneill,hilldavid@gmail.com,525.135.1616x0728,United States of America
70,Amy Lewis,brandonnorris@zhang.com,+1-376-525-0263,Togo
71,Robin Carr,smithjessica@bell.info,670.031.2063x38149,Austria
72,Richard Shannon,tonya26@yahoo.com,001-319-658-3655x2510,Sao Tome and Principe
73,Robin Manning,amanda57@hotmail.com,850-266-6784,Gambia
74,Jacqueline Velasquez,belindarogers@yahoo.com,453-313-8596,Saint Kitts and Nevis
75,Peter West,smithbrandon@gmail.com,(825)242-1291x5583,New Caledonia
76,Sarah Snyder,carterjordan@nelson-serrano.com,139-703-2691,United States of America
77,Jessica Roberts,gilbertortega@nelson.biz,+1-748-106-4034x625,Guam
78,Ricardo Jackson,james67@hotmail.com,888-545-8305x027,Aruba
79,Andre Petersen,jennifermartin@hall.org,221.693.9372x01753,Romania
80,Mary Fischer,matthew00@hotmail.com,8498740798,Greece
81,Monique Stewart,xgreen@johnson.com,(707)782-6695,Russian Federation
82,Shannon Ferguson,nathan94@hotmail.com,858-463-9299x02519,South Africa
83,Donald Mathis,marco91@jensen-delacruz.net,507-418-5260x096,Panama
84,Marcus Donaldson,ashleyshea@miller-howard.com,7957197935,Uzbekistan
85,Benjamin Peck,okaufman@yahoo.com,+1-215-844-9435x12714,Cambodia
86,Lauren Miller,tinabrooks@lee.com,(618)367-7973x656,Lesotho
87,James Carter,dmay@crawford.org,479.156.1940x00143,Cook Islands
88,Ariel Franklin,jessicachen@flores-rodriguez.com,(721)130-5204x135,Barbados
89,William Davis,katherine67@graham.com,393-412-0666,Sweden
90,Brittany Roberts,brenda72@yahoo.com,001-465-506-5944x68231,Togo
91,Andrew Ferguson,opeterson@peterson-crawford.com,001-757-914-9193x89309,Senegal
92,David Ball,zsmith@medina.com,+1-480-553-5064x45370,Montserrat
93,Sarah Neal,david67@daugherty.com,(393)790-9039,Japan
94,Allen Ramos,annsantiago@hotmail.com,001-563-623-4105x81074,Netherlands
95,Arthur Miller,zdoyle@bishop-arias.com,5840250634,Bulgaria
96,James Lewis,teresatownsend@mayo.net,9506170368,Czech Republic
97,Douglas Ramirez,linda42@green.info,371-048-5632,Moldova
98,Chad Walker,robertsondebra@harris.org,339-184-0037x19402,Estonia
99,Samantha Beasley,rlewis@gmail.com,7596104880,United Arab Emirates
100,Christopher Young,gordonlaura@vargas-phillips.com,957-134-5229,Western Sahara
101,Keith Copeland,bstevenson@hotmail.com,1722867170,Korea
102,Daniel Terrell,carlos82@espinoza.info,(989)632-3536,Madagascar
103,Laurie Blair,codylewis@jones.com,163.973.8600x01557,Burundi
104,Richard Combs,gardnerjames@hotmail.com,(765)590-1888,Mayotte
105,Samantha Gray,randybooth@gmail.com,001-344-458-7000x901,Russian Federation
106,William Miller,thomasrhonda@mitchell.com,001-470-777-3126,Bolivia
107,Roberta Todd,christopher64@yahoo.com,948-622-7681,Armenia
108,Jason Cruz,kari56@gmail.com,330.005.3067x56546,San Marino
109,Elizabeth Munoz,davidwest@johnson.net,(410)388-9571x8966,Faroe Islands
110,Kelli Miller,stephaniewilliams@hotmail.com,(041)621-6512x747,American Samoa
111,Eric Matthews,frazierjennifer@jackson.com,(146)336-1175x163,Kenya
112,Christina Pitts,catherinehuerta@hampton.com,401-243-3484,Mauritius
113,Stephanie Smith,natalie39@campbell.info,+1-481-095-4601,British Indian Ocean Territory (Chagos Archipelago)
114,Jessica Miller,nferrell@zamora.info,440-707-7660,Japan
115,Chloe Davis,mary85@yahoo.com,001-355-426-5201x0639,Netherlands Antilles
116,Michael Ross,amandaprice@yahoo.com,301-603-3464,Grenada
117,Michelle Rush,ahaynes@bennett-hopkins.org,+1-702-620-4719x449,Mozambique
118,Mrs. Amanda Harris,baxtermarcus@wright.com,369.172.3203x3696,Nauru
119,Julie Davis,valerie05@hotmail.com,247.522.9074x7447,Kuwait
120,William Johnson,karenadams@mckinney.biz,+1-428-054-8520x56474,Luxembourg
121,Mrs. Rebecca Campbell DDS,wardjoseph@lopez.biz,(513)393-5423x18122,Hungary
122,Steven Archer,rachelmarquez@gmail.com,001-640-970-8734,Uzbekistan
123,Nicholas Mccullough,kcollins@harris-hopkins.com,(564)528-4617,French Guiana
124,Mathew Cook,bradley63@riley.com,(832)116-9362,Brazil
125,Jessica Larson MD,zmurray@ali.org,447.375.0808x814,Andorra
126,Kevin Reid,ashley85@riley.com,001-760-874-3971x807,Vietnam
127,Anthony Carlson Jr.,johnsonleslie@yahoo.com,+1-439-436-9713,Cameroon
128,Gina Price,lwalton@adams-holloway.com,(827)059-8770x9600,Lithuania
129,Thomas Sanchez,clarkrobert@gmail.com,351-807-9435,Korea
130,Ashley Spencer,melissa99@pineda.com,328.291.5094x302,French Guiana
131,Michael Scott,westcrystal@petersen.com,+1-784-113-1584x9383,Cuba
132,Edward Ellison,amberreynolds@gallagher.net,2780637117,Kazakhstan
133,Carrie Gray,phillipsmatthew@gmail.com,+1-817-717-9801x545,Luxembourg
134,Sean Barry,michele27@jackson.com,973.641.4344,Lao People's Democratic Republic
135,Mary Carroll,kathryn85@guerrero-townsend.com,(762)485-0679,Monaco
136,Joshua Johnson,dthomas@peterson.com,+1-427-215-9878x975,Bermuda
137,Adam Watson,mfrancis@ellis.info,689-067-9485x76185,Gabon
138,Lisa Carlson,rachelgarcia@phillips.com,(178)507-2476x19715,Poland
139,Randy Archer,ybarnes@gmail.com,+1-821-229-6777,Russian Federation
140,John Leblanc Jr.,johnrobinson@yahoo.com,+1-648-470-5710x4686,Jamaica
141,Kenneth Nguyen,klowery@bryan.biz,+1-434-228-0241x320,Iran
142,Michael Hill,mikaylakim@miller.com,949.109.6946x10211,Peru
143,Paul Munoz,vanessa93@gmail.com,001-412-202-5111x82528,Switzerland
144,Robin Howard,michele62@gmail.com,937-265-9177,Bosnia and Herzegovina
145,Christine Thomas,pzamora@yahoo.com,(367)663-2335x0151,Seychelles
146,Jeffrey Bentley,yneal@harris.net,+1-177-410-5449x329,Andorra
147,Eric Rosario,michealreeves@walter.com,001-887-658-0318x93211,Barbados
148,Larry Horton,cynthia45@vang.com,(568)778-5876,Korea
149,Lynn Marquez,alicia54@hotmail.com,720.237.3854,Bulgaria
150,Stephanie Snow,cody84@parker-goodwin.com,001-497-324-3955x75529,Tuvalu
151,Nicholas Mcclain,brandongarcia@brown-haynes.com,527.261.0108,Kiribati
152,Duane Merritt,kyle55@atkins.com,+1-710-848-4702x04186,British Indian Ocean Territory (Chagos Archipelago)
153,Sandra Robinson,carolfox@roberts.org,(068)764-9977x90894,Burkina Faso
154,Richard Vega,williamsimmons@bradford.com,2379467476,Armenia
155,Gregory Adams,javierroberts@gmail.com,+1-907-502-9002,Solomon Islands
156,Jimmy Nelson,trobbins@yahoo.com,2127280665,Saint Kitts and Nevis
157,Sarah Thomas,brownhector@clark-ellis.biz,162-852-0686x1137,Sao Tome and Principe
158,Eric Clark,valerie87@gmail.com,643.725.0943,Norway
159,Kristin Manning,krystal55@gmail.com,(123)508-8414x1416,Nigeria
160,Matthew Hanna,lisa11@crawford.info,747.402.1215,Tokelau
161,Mr. Wayne Smith,jordankoch@gmail.com,904.321.2064,Guinea-Bissau
162,Vincent Andrews,vincent10@smith-spencer.com,(343)582-3060,Lesotho
163,Kristi Burns,zchapman@gmail.com,971-114-5549,Singapore
164,Katherine Moore,howellpaula@stevenson-miller.org,(554)203-7844x46361,Aruba
165,Sylvia Fields,victor19@morrison.com,2801406363,Christmas Island
166,Donald Franco,juliancobb@wright.com,1916443799,Guam
167,Nicholas Watson,jeffreyroman@ford.com,504-706-4231,Iran
168,Daniel Moss,ashleyshah@gmail.com,428-934-6574x27562,Antigua and Barbuda
169,Dustin Buckley,crystal87@smith.com,7556196361,Guinea-Bissau
170,Matthew Hernandez,blacktammy@lewis-cook.com,557-267-4773x77916,Syrian Arab Republic
171,Kevin Johnson,mevans@huff-walker.net,+1-270-932-5872x7437,Svalbard & Jan Mayen Islands
172,Jeremy Dickerson,john35@park-gaines.com,+1-955-879-3648x498,Falkland Islands (Malvinas)
173,Karen Sosa,reesedebra@moran.com,+1-029-031-2946,Antigua and Barbuda
174,John Acosta,xlee@gibson-gibbs.info,001-856-441-5078,Svalbard & Jan Mayen Islands
175,Andres Simpson,andersonannette@nielsen.info,661-015-2921x438,New Caledonia
176,John Wood,vkirk@knapp-combs.com,(137)640-4687,Guinea-Bissau
177,Monica Lucero,ofowler@hotmail.com,3327739474,Timor-Leste
178,Christy Martinez,cody39@hotmail.com,(080)492-9802x008,Botswana
179,Julie Osborne,rachel07@hotmail.com,(398)909-4397x542,Madagascar
180,Michael Kirk,ddonovan@hancock.biz,524-748-1560,Sweden
181,Monica Valdez,eric69@yahoo.com,738-493-2246,Afghanistan
182,Jessica Francis,rayandrea@sanchez-morse.com,001-527-663-5745,Myanmar
183,Matthew Combs,tamaraweeks@anderson.com,318-121-1586x4425,Philippines
184,Kyle Erickson,karen81@rubio.info,001-761-922-0589,Saint Barthelemy
185,Sabrina Garcia,jamesmiller@jimenez.com,001-894-047-6125x87003,Sao Tome and Principe
186,Christopher Martin,mooneytracy@gmail.com,0490784755,Afghanistan
187,Megan Martin,stephanie92@moore-mccullough.com,360.197.4723,Sierra Leone
188,Frederick Hoffman,jameswells@gmail.com,631.519.2999x905,Moldova
189,Robert Armstrong,wsanchez@hotmail.com,041-670-6269x126,Svalbard & Jan Mayen Islands
190,Robert Casey,kellypowell@gonzalez.info,213-338-0472x50656,Poland
191,Angel Armstrong,nelsonhannah@yahoo.com,001-177-978-7956x2894,Oman
192,Meghan Cox,zreynolds@lowe.info,171.320.4726x9399,Pitcairn Islands
193,Mary Anderson,gregory87@porter.com,+1-159-196-0688,Italy
194,Willie York,hailey77@hotmail.com,(102)400-5937x88967,Tajikistan
195,Derek Owen,paul48@williams.net,(447)579-4608x7749,Uzbekistan
196,Eric Miller,joelharris@landry.org,5769488417,United Arab Emirates
197,Catherine Robertson,michaelpham@johnson.com,9841008931,Guatemala
198,Daniel Harmon,linda54@gmail.com,001-226-250-8009x616,Guinea-Bissau
199,Haley Henry,bryan86@olson-clark.info,+1-395-012-6912x00332,India
200,Thomas Chen,michelle41@krause.com,+1-088-175-8840x02179,Malta
201,Dawn Moreno,nicholasboyd@park.com,+1-859-234-6447x1888,Macedonia
202,Brenda Ross,nmason@hotmail.com,+1-297-940-7594x74582,Switzerland
203,Alexa Wilson,heathertaylor@randolph-cervantes.com,5128264250,Chad
204,Robert Watson,nhardy@jimenez.com,(507)152-0457,Solomon Islands
205,Brooke Burton,lhart@gmail.com,001-434-311-2847x194,Belarus
206,Elizabeth Kim,jared16@hotmail.com,+1-592-745-7010,Romania
207,Nicole Miller,aweber@gmail.com,3617363446,Angola
208,Ashley Jones,imoore@hotmail.com,398-151-2222x569,Pakistan
209,Linda Wagner,deanjacob@gmail.com,001-870-680-6524,Pitcairn Islands
210,Theodore Weber,scott32@johnson.com,(091)797-0134,Croatia
211,Charles Mckee,robertayala@russo.info,103-936-2908,Montenegro
212,Patricia Higgins,markbush@yahoo.com,(521)660-9270x001,Saudi Arabia
213,Mary Jones,umyers@yahoo.com,242.346.1251,Macedonia
214,Blake Smith,xburgess@gmail.com,(120)957-0175x8039,Western Sahara
215,Christine Wilson,gina56@juarez-atkins.info,572.791.9553x81545,Hungary
216,Karen Gordon,mary87@moore.com,001-363-983-1684x102,Costa Rica
217,Eugene Fuller,acollins@yahoo.com,666-300-1507x344,Mauritius
218,Aaron Haley,elizabeth73@patel.com,+1-458-998-4373x397,Saint Lucia
219,Brandon Allison,megansmith@gmail.com,792-289-5511x76661,Lesotho
220,Stacy Fisher,allenbenjamin@porter.info,7595073826,Belgium
221,Lisa Jennings,elizabeth03@brown.net,798.027.4747,Finland
222,Jessica Adams,kellywilliamson@hart.com,376-686-4139,Pakistan
223,Kristie Johnson,kjones@hotmail.com,+1-852-258-9929x44736,Fiji
224,Kayla Young,sarahenry@hotmail.com,001-917-206-1040,Cape Verde
225,Andrew Ryan,ehall@french.info,001-361-256-5289x545,Djibouti
226,Robert James,haynesjennifer@juarez-schultz.com,093-295-3199,Somalia
227,Aaron Montoya,henrysilva@ayers-klein.biz,001-066-433-1175x25380,Jordan
228,Patrick Ward,shepherdchristopher@wright.net,(209)227-7115x004,Oman
229,Joshua Greene,richardsonkelly@holland.com,+1-422-147-2773x37999,Namibia
230,Kenneth Rowe,nancyoconnor@joyce.com,842.745.8600,French Polynesia
231,John Logan,brenda92@yahoo.com,001-073-119-1882x220,Colombia
232,David Olsen,timothywilson@hotmail.com,001-820-758-0483x2599,Madagascar
233,Christopher Fowler,jorgeadams@yahoo.com,187.971.9913x988,Martinique
234,Meredith Torres,olsonnancy@baker.com,001-043-821-0645,Peru
235,Michael Smith,rtrevino@yahoo.com,001-581-543-4617x0923,Indonesia
236,Lisa Ruiz,zbarber@torres.com,+1-407-745-5781x774,South Georgia and the South Sandwich Islands
237,Erica Huff,kennethholland@hotmail.com,001-258-991-8074,Seychelles
238,Nathan Gomez,henrystacy@gmail.com,+1-849-293-9234x368,Montenegro
239,Brandon Haas,lindseyorozco@yahoo.com,(916)357-3403x8250,Reunion
240,Kenneth Moyer PhD,jamesharris@cook.info,709.436.1948x374,Israel
241,Amanda Mitchell,jessica52@wagner.biz,250-098-2038,Seychelles
242,Vincent Mendez,carrillokristin@gmail.com,214-363-6952x223,San Marino
243,Nathan Nguyen,thomas03@yahoo.com,001-144-924-5956x6749,Barbados
244,Andrew Ramos,pchristian@gmail.com,561-755-2285,Puerto Rico
245,Brian Ingram,jerryrogers@washington.com,001-318-192-0002,Afghanistan
246,Nathan Sweeney,ltorres@serrano.biz,511.753.5337x0255,Congo
247,Miss Dominique Edwards MD,smathews@king.com,001-191-386-8778x11838,Bouvet Island (Bouvetoya)
248,Alexander Kim,harrycurtis@hotmail.com,(178)703-3411x4751,Macao
249,George Armstrong,sarahstephens@hotmail.com,299-123-6603x5856,Martinique
250,Lauren Ryan,schaeferjacob@hotmail.com,001-092-609-1569x957,Tanzania
251,Michael Galloway,charles57@smith.net,427-066-6772x608,Vanuatu
252,Patrick Stevenson,briannathomas@rodriguez.com,493-054-2451x2119,Switzerland
253,Jennifer Lopez,ufreeman@yahoo.com,7560023269,Barbados
254,Eric Velez,mcdonaldcheyenne@yahoo.com,001-674-100-3082,Thailand
255,Melissa Harris,qnash@hotmail.com,633-360-7997x5562,Kyrgyz Republic
256,Janet Sanders,tmcclure@norman-alexander.com,(904)022-9669x8291,Montserrat
257,Michelle Patterson,hernandezbetty@yahoo.com,001-030-881-1129x81575,Malawi
258,Monica Moore,vfrazier@norris.com,001-048-731-7486x847,Germany
259,Alexis Zuniga,anthonymiller@hotmail.com,001-557-188-3127x09488,Cape Verde
260,Wayne Valentine,matthew89@yahoo.com,(104)383-0487x11147,Saint Lucia
261,Matthew Pierce,reidalbert@hotmail.com,730-914-2446x810,Pakistan
262,Robert Nelson,catherineduncan@yahoo.com,501.784.0821,Cayman Islands
263,Matthew Odonnell,tylerwilson@hotmail.com,+1-439-111-5978x684,El Salvador
264,Jamie Young,youngjulie@valdez-may.com,001-820-142-9849x961,Venezuela
265,Scott Rose,ryan77@yahoo.com,001-949-236-8800x759,Myanmar
266,Jacob Wilson,klucas@gmail.com,005.447.2372,Norfolk Island
267,Alicia Ponce,lewisjennifer@hudson.com,5179513888,Nauru
268,Michael Montoya,stewartkaren@hotmail.com,890-640-4121x304,Lesotho
269,Amber Duke,deanna21@yahoo.com,953.702.7374x559,Micronesia
270,Jill Alvarez,richardjenkins@yahoo.com,001-514-220-9898,Monaco
271,Darlene Smith,lfreeman@gmail.com,059.892.8592,Cayman Islands
272,Sheila Sheppard,bgriffith@yahoo.com,9563750764,Uzbekistan
273,John Shaw,xsmith@hotmail.com,+1-914-146-3315x9909,Saint Helena
274,Adam Smith,taylorralph@gmail.com,016.977.7829x0044,Oman
275,Maria Gay,meghanduarte@yahoo.com,541-439-3992,France
276,Travis Juarez,lindseyjensen@kelly-harris.org,001-061-283-8693x9612,United Kingdom
277,Suzanne Diaz,kylie87@yahoo.com,001-761-936-8122x4590,Malawi
278,Brandi Rosario,markwilliams@martin.net,+1-403-674-5031,Comoros
279,Aaron Singh,kevinjohnson@simmons.com,+1-491-865-1854,Angola
280,Jacqueline Larson,nkeller@yahoo.com,204.090.2027,Chad
281,Billy Hill,tonyglover@villegas.com,(188)366-3522x67589,Senegal
282,Curtis Williams,wilsonmalik@hotmail.com,2225416245,Anguilla
283,Corey Drake,esanders@wright.com,(919)914-9428x130,Central African Republic
284,Bruce Torres,ramseyjonathan@hotmail.com,001-633-884-6697x7433,San Marino
285,Nathan Tran,deborahmarsh@gmail.com,001-674-046-4691,Libyan Arab Jamahiriya
286,Amanda Ibarra,david34@gmail.com,001-625-766-9819x7781,South Georgia and the South Sandwich Islands
287,Karen Cole,fflynn@yahoo.com,385-387-4428x78334,Northern Mariana Islands
288,Lindsey Gonzalez,adam78@key.info,(734)462-0667,Madagascar
289,Gabrielle Greer,darrenrodriguez@rodriguez-hernandez.com,558.477.8460x8729,Pakistan
290,Alicia Moore,reillymegan@yahoo.com,215-338-6085,Yemen
291,Jeremy Hamilton MD,riverabernard@yahoo.com,881-993-2428,Saudi Arabia
292,Douglas Evans,sarah68@yahoo.com,+1-896-193-8549x817,Tanzania
293,Wesley Wall,barnettdana@gmail.com,(029)819-8591,Northern Mariana Islands
294,Donald Scott,warnercarrie@keller.org,915.580.9015x3418,French Polynesia
295,Valerie Rodriguez,hermanjennifer@jackson.com,+1-091-300-7826x4561,Grenada
296,Veronica Chang,diazisaac@howard.com,696.511.3893x7999,Guam
297,Randy Luna,smalltravis@osborne.org,831-161-6226x292,Iceland
298,Dr. Elizabeth Bennett,paul84@gates.com,001-388-758-8329,Angola
299,Timothy Hall,gonzalezrobert@morris-colon.org,313.927.0485,Kuwait
300,Mr. George Miller,kruegerstephanie@martinez.com,7398004954,Japan
301,Michael Wise,austinwolfe@gmail.com,6732573013,Canada
302,Matthew Lee,tyler70@yahoo.com,4914172446,Mali
303,Marisa Colon,emadden@garcia.com,(444)635-8413,Sri Lanka
304,Thomas Johnson,gbarnes@yahoo.com,757.485.0391x3943,Moldova
305,Melissa Burch,froberts@clay-macdonald.biz,001-743-493-5084x492,Australia
306,Connie Weber,michaelespinoza@yahoo.com,324-756-7281x1986,Cyprus
307,Nicholas Harris,amandadelacruz@sanchez.net,+1-665-477-9988x286,Montenegro
308,Miss Stephanie Butler MD,michael69@gmail.com,001-003-091-6832x770,Trinidad and Tobago
309,Mrs. Stephanie Peterson,marksjuan@ellis-soto.com,001-246-270-5780,Saudi Arabia
310,Joseph Carter,ashleylee@vargas-mcdowell.com,830-775-1704x972,Grenada
311,Paula Silva,frank26@ward.com,426-094-0267,Somalia
312,Julie Juarez,stanleywilliams@hotmail.com,461-432-1457x5235,Uganda
313,Robert King,amy31@boyd.com,586.168.7009x794,Niue
314,Kari Winters,richardharvey@hotmail.com,394.146.0464,Northern Mariana Islands
315,Shelly Peterson,jessica32@wheeler-tapia.com,341.097.7435,Argentina
316,Jerry Carson,joseph14@gmail.com,+1-527-516-0579x804,United States Virgin Islands
317,Heather Green,matthewsjames@yahoo.com,6006236428,Uruguay
318,Jennifer Jones,smcintyre@gmail.com,+1-827-078-8604,Cocos (Keeling) Islands
319,Danielle Daniel,georgewheeler@wells.com,(472)978-4777x7487,Peru
320,Laura Beck,icarroll@booth.com,1100868366,Namibia
321,Kevin Schroeder,fclark@thomas.com,(382)769-3707,Antarctica (the territory South of 60 deg S)
322,Anthony Banks,leah05@hotmail.com,001-895-914-4120x86398,Greenland
323,Jordan Mason,sullivanandrew@merritt.com,+1-432-433-8128x6229,Saint Vincent and the Grenadines
324,Joseph Mills,christine06@gmail.com,+1-241-467-0438x017,Saint Pierre and Miquelon
325,Larry Mcclain,carpenterthomas@frazier.com,356-761-0450,Uruguay
326,Kimberly Stewart,stephaniehicks@hotmail.com,(662)077-2913x75451,Saint Pierre and Miquelon
327,Jasmine Reese,ysalinas@obrien.info,712.882.1000x270,Palau
328,Sara Robinson,sallen@hotmail.com,+1-589-919-1140,South Georgia and the South Sandwich Islands
329,Tina Kennedy,colonjames@hotmail.com,001-161-100-8052x3281,Liechtenstein
330,Shannon Parrish,amy23@leblanc.com,+1-205-505-6589,Bosnia and Herzegovina
331,Zachary Douglas,martha75@yahoo.com,+1-145-892-3669x54177,Estonia
332,Angela Lamb,lucaslynn@berg.org,844-436-5731x13804,Vietnam
333,Austin Cox,hallkevin@garcia-walker.biz,(922)902-2980x4359,Somalia
334,Johnny Burns,gmeyer@kim.com,+1-292-874-8858x6849,Czech Republic
335,William Mcdonald,calebwhite@manning.com,2140794532,Bouvet Island (Bouvetoya)
336,Rebecca Perez,cindy04@roy.com,(495)326-3506x41649,Guinea-Bissau
337,Robert Williams,sarahchurch@cruz.info,504.061.9369,Montserrat
338,Mr. James Smith MD,jeffersonlisa@rowland-harris.com,(130)264-8823x784,Bolivia
339,Dr. Tracy Evans,kristyjones@floyd.info,(756)305-0402,Costa Rica
340,Mary Molina,emurphy@fisher.org,555.665.7659,Faroe Islands
341,Cameron Koch,megandavis@banks.com,(619)791-2675x15145,Turkey
342,Kimberly Charles,washingtonpeter@white.info,+1-568-417-5856x624,Andorra
343,Ms. Kimberly Roberts MD,matthewcarson@lowe.com,(690)438-0772x7814,Cayman Islands
344,Patrick Hunt,petersonphillip@hotmail.com,+1-753-191-4617,New Zealand
345,Laura Ali,tanner58@nichols.com,001-196-578-3652x48168,United States of America
346,Tracy Roman,lfigueroa@cabrera.com,001-346-294-9538x4468,British Indian Ocean Territory (Chagos Archipelago)
347,Julie Prince,jeremydavis@jackson.info,+1-611-215-7937x0780,Madagascar
348,William Carey,aaroncarr@coleman.biz,(112)572-5767x9190,Korea
349,Miguel Matthews,smithnicole@hotmail.com,429.784.2788x7318,United States Virgin Islands
350,Daniel Williams,madison85@fox-bradford.com,8502426154,Iran
351,Annette Jones,reedisaac@gmail.com,+1-244-558-6148x1979,Malta
352,Kimberly Bailey,lindsey05@yahoo.com,766.811.6609,Monaco
353,Wanda Howard,hprice@yahoo.com,(666)301-0572,Colombia
354,Robert Espinoza,jeffersonwilliam@yahoo.com,+1-901-803-7397x4526,Gibraltar
355,Theresa Brown,denise99@yahoo.com,447-228-7557x41220,Hong Kong
356,Caleb Adams,iroberson@nixon.com,564-569-2290,Samoa
357,Brian Ruiz,nancyhowell@hotmail.com,8038409305,Croatia
358,Jamie Tran,john31@yahoo.com,034.127.2173x8163,Moldova
359,Tyler Bowman,rnewton@hotmail.com,(428)651-6299,Estonia
360,David Lamb,williamsrachel@davis.com,(841)967-9267x2069,Zimbabwe
361,Sara Barnes,yrodgers@yahoo.com,3390143104,Singapore
362,Jack Ray,pwilliams@king.info,001-529-709-7101x540,Canada
363,Lauren Mitchell,thomasarnold@hodge.com,695.553.3238x55202,Macedonia
364,Steven Shields,gutierrezsandra@gmail.com,509-287-4425,Luxembourg
365,Jaime Ballard,seth41@graham.org,175-367-4972x1736,Lesotho
366,Bruce Villegas,william34@griffith-castillo.com,(633)390-2056x41587,China
367,Julie Carey,finleysusan@gmail.com,332.705.7119x0616,Afghanistan
368,Kenneth Williams,christopher93@gmail.com,997.194.2450x096,Djibouti
369,Donna Gregory,harrisisaiah@jones-arias.com,+1-521-115-8575x417,Swaziland
370,Amber Marshall,mendezanthony@yahoo.com,374-657-2527,Sweden
371,Katrina Paul,cruiz@yahoo.com,973.205.3600,Serbia
372,Amanda Haynes,mcook@gmail.com,(611)931-6177x0829,Macedonia
373,James Klein,palmerjoshua@yahoo.com,(210)078-0914x2107,Jersey
374,Manuel Davidson,travis72@yahoo.com,(259)942-6282,Mauritania
375,Kathryn Hobbs,yatkins@parker.com,462.549.6693,Grenada
376,Steven Norris,barreravalerie@baird.net,965.118.6663,Lao People's Democratic Republic
377,Kelli Torres,pauldaniel@price.com,074.356.4465x63095,Armenia
378,Cheryl Braun,ljohnson@mcclure.com,290-137-1669x12393,Lesotho
379,Timothy Saunders,matthewmaddox@yahoo.com,262-978-1521,Luxembourg
380,Andrea Wright,kellydickerson@bailey-ferguson.info,520.827.5554x28604,Djibouti
381,Ryan Pierce,james07@simon-jackson.com,(721)048-0408,United Arab Emirates
382,Richard James,johnyoung@barnes.com,001-452-130-2707,Dominica
383,Olivia Schultz,nancyjones@hotmail.com,5563300252,Tonga
384,Michelle Bowen,amyboone@hotmail.com,+1-588-855-7501x280,Japan
385,Alexa Warren,miranda21@gmail.com,+1-106-959-1704,Guernsey
386,Teresa Johnson,robinsonjuan@rivera.com,001-272-795-2847x00164,Nepal
387,Corey Hawkins,jimmy77@yahoo.com,(039)951-2340,Romania
388,Kristopher Burgess,paul01@yahoo.com,184-233-0870,Tunisia
389,Kristy Kidd,espinozaantonio@hoffman-howell.biz,639-312-8722x66716,Saint Pierre and Miquelon
390,Paige Bauer,fporter@brooks.com,581.613.3088x8885,Montserrat
391,Tami Ruiz,iwilliams@hotmail.com,2684120783,Sao Tome and Principe
392,Joseph Miller,raymondevans@brown-cunningham.info,950-627-9273,Honduras
393,Jamie Stewart,natashawagner@yahoo.com,(024)585-4352,Nauru
394,Stacey Chase,lindsay81@gmail.com,(451)726-2597,Angola
395,Robert Rose,carrdavid@welch-owen.biz,(866)596-7892x35341,Gambia
396,Jeffrey Brennan,omar60@yahoo.com,7207107722,New Zealand
397,Norma Powers,dgraham@gmail.com,(601)261-7739x7492,Cook Islands
398,Pamela Rangel,qgonzalez@rush.biz,885-003-6194x6854,El Salvador
399,Dawn Perez,lisawilliams@franco.com,001-658-617-9437,Grenada
400,Christine Lopez,tracy53@gmail.com,663.751.8379,Taiwan
401,Adam Curry,jason76@hotmail.com,460.403.5252x42078,Algeria
402,John Ortiz,cdennis@keller-cole.com,333-552-5981x022,Tanzania
403,Angela Cabrera,ruizjulie@baldwin.org,438.468.2458x561,Bhutan
404,Laurie Richardson,carlymyers@mccann.info,333-562-9132x771,Guernsey
405,Renee Frost,alan39@rodriguez-allen.com,2414269311,Tunisia
406,Elizabeth Stone,elizabethsmith@wright-beck.com,859-060-9746x6303,Bangladesh
407,Jon Holt,thompsonrichard@burke-brock.com,001-624-657-1968x966,France
408,Ronald Melendez DDS,meganknight@hotmail.com,402.893.8984,Somalia
409,Mr. Roger Williams,elizabeth69@knight.info,+1-637-762-8107x47434,Cayman Islands
410,Sheila Lambert,dennisjohnson@richardson.com,001-117-544-1654x861,Kenya
411,Dawn Petersen,richarddominguez@juarez.org,956.243.5958,Mayotte
412,Carl Smith,melissaellis@hotmail.com,+1-605-845-8504x7292,Bangladesh
413,Johnathan Kelly,ktucker@glenn.com,315.719.3323x305,Faroe Islands
414,Travis Brooks,clarktimothy@gmail.com,1059444586,Ethiopia
415,Maxwell Anthony,cmejia@downs-carroll.com,276-861-8220x33222,Cape Verde
416,Joseph Vasquez,whitneysmith@smith-cobb.info,155.120.5432x9257,Tanzania
417,Cody Erickson,mwilliams@gmail.com,181.369.2083x22556,Uganda
418,Christopher Moore,stephanie07@castro.com,(339)102-4712,Iran
419,Christopher Pena,erodriguez@gilbert.com,(803)545-7024,Uruguay
420,Amanda Nichols,mariawarren@yahoo.com,(940)590-9820,Guernsey
421,Bryan Sutton,linfelicia@singleton.net,699-884-2602x776,Mozambique
422,Amber Mayer,baldwinlisa@gmail.com,+1-819-284-1263x853,Myanmar
423,Edward Jackson,alishakelly@yahoo.com,953.357.1648x676,Montenegro
424,David Harrison,manuelnorton@adams.com,+1-344-760-9640x7798,Sri Lanka
425,Thomas Smith,thomas05@fernandez-brennan.info,001-662-735-0471x368,Western Sahara
426,David Garza,fdunn@hotmail.com,+1-560-512-1375,Cape Verde
427,Traci Thomas,jfoley@yahoo.com,8584113152,Grenada
428,Rebecca Bowman,john07@buck-smith.info,883-609-7510x749,Andorra
429,Melissa Moran,robert00@yahoo.com,001-936-830-8666,Ecuador
430,Danny Ray,jperez@gmail.com,(520)242-0875x04508,France
431,Mrs. Lori Wilson,nathanmiller@jones.com,001-938-965-8139x43337,Ireland
432,Danielle Sherman,ibradley@hotmail.com,027.882.4892x73387,Nauru
433,Theresa Cooper,kimberly84@hotmail.com,4202836131,Lesotho
434,Courtney Miller,benjamin94@johnson-williams.net,(614)634-0582,Guatemala
435,Dr. Heather Patrick DDS,xsimon@perez.com,+1-544-022-5312x97640,Djibouti
436,William Burns,michael60@perry.com,+1-679-640-8350x18559,Congo
437,David Leonard,shannonandrew@yahoo.com,374.750.7777x533,Svalbard & Jan Mayen Islands
438,Daniel Rodriguez,connie82@obrien-skinner.com,001-227-747-2069x148,Tunisia
439,Kathy Thomas,sheilawalker@bell-mitchell.com,(440)323-2071x1384,United States of America
440,Jacqueline Frazier,arogers@hotmail.com,(292)227-0875,Czech Republic
441,Erin Russo,alexanderjackson@yahoo.com,+1-482-572-9889x714,Guinea
442,Melissa Gates,john84@gmail.com,(419)570-5503,Algeria
443,Ashley Williams,robert64@gmail.com,001-066-296-2009x38206,San Marino
444,Emily Murray,lopezjoshua@gmail.com,917-758-5928x7249,Namibia
445,Amy Johnson,julia73@pugh.com,7707581184,Bulgaria
446,Laura Newton,bshepard@gmail.com,389-183-4597,Saudi Arabia
447,Breanna Garcia,james86@gmail.com,+1-322-740-5852x321,Guyana
448,Alexis Christensen,agreen@yahoo.com,772-142-2842x8541,Libyan Arab Jamahiriya
449,Ann Ward,parrishwilliam@yahoo.com,+1-969-169-2629,United Arab Emirates
450,Jessica Conrad,sheila47@pace.com,317.494.7957x412,Cyprus
451,Eric Vargas,matthewjones@taylor.net,(844)602-5519x4063,Western Sahara
452,Christine Frank,nicole68@hotmail.com,001-783-052-7259x75022,Brunei Darussalam
453,Joseph Garza,joshuaruiz@gmail.com,1535084192,Ethiopia
454,Matthew Chavez DVM,jhall@buck-roach.info,771.483.7554x099,Armenia
455,John Bernard,briggskyle@anderson.com,+1-712-065-8622x53850,Heard Island and McDonald Islands
456,Christopher Pierce,catherineriley@kelly.com,0714967142,Norway
457,Valerie Gibson,astephenson@sanders.com,418.467.5440x66927,Reunion
458,Clifford Patton,sharon12@gmail.com,(146)593-0393,Lebanon
459,Jeanne Garcia,morrisoncody@yahoo.com,001-638-733-5702x98955,American Samoa
460,Johnathan Rivera,patriciacrosby@king.net,122.158.3135x670,Sudan
461,Matthew Mcneil,kevinmarshall@gmail.com,501.177.5286,Saint Barthelemy
462,Anthony Anderson,ssmith@turner-rodriguez.com,810-350-8458,Venezuela
463,Lynn Arellano,claudiaflores@hotmail.com,657-232-7117,Uganda
464,Walter Mayer MD,kevin56@rollins.com,001-353-992-9184,Rwanda
465,Michael Hernandez,masseymark@yahoo.com,(900)727-4920,Lebanon
466,Kevin Hill,christopherbishop@taylor.com,(584)014-9554,Bahamas
467,Christina Smith,bhowe@yahoo.com,001-894-672-8806,Macao
468,Laura Kelly,fmendez@miranda.com,+1-776-796-3025x240,Saint Pierre and Miquelon
469,Nichole Clark,jonesjoanne@richard.com,714.059.5897x056,Western Sahara
470,Deborah Owens,qdickerson@hart.com,(075)666-7662,Micronesia
471,Robert Davis,tiffanyschaefer@adkins-pineda.info,107.727.9453x0610,Malta
472,Jennifer Berry,gilmorejames@yahoo.com,+1-904-748-2549x317,Syrian Arab Republic
473,Carolyn Anderson,sheliajohnson@gmail.com,022-083-7669,Canada
474,Tammy Hill,bsantiago@gmail.com,(231)361-0101,Bermuda
475,Sara Thomas,karen26@camacho.com,(682)784-7467x496,Aruba
476,Valerie Sanchez DVM,jonesdeanna@yahoo.com,684-022-0073x659,Heard Island and McDonald Islands
477,John Farrell,billythomas@haynes.com,001-074-240-3086,Cuba
478,Stacey Nielsen,mckenziewalker@yahoo.com,001-767-665-4314x633,Afghanistan
479,Jamie Todd,dakotakennedy@gmail.com,120.499.2311,Malaysia
480,Justin Holder,nathan19@hotmail.com,588.280.5652x4169,Cocos (Keeling) Islands
481,Jacob West,andrew71@torres.com,(904)417-4149x13553,Nicaragua
482,Colin Hansen,msellers@yahoo.com,(013)864-3906,Tajikistan
483,Bethany Hunt,mark35@buchanan-clay.com,(841)897-5365x03276,Sierra Leone
484,Curtis Powell,derrickperez@tapia.com,001-410-584-3834x799,Timor-Leste
485,Mr. Ian Jones PhD,prattelizabeth@bennett.org,4001629714,Hong Kong
486,Jon Potts,allison14@gmail.com,(452)385-2885,Malaysia
487,Haley Ramirez,john16@yahoo.com,+1-803-029-4946,Honduras
488,Ashley Clark,stephanie98@watson.com,634.254.7905,Svalbard & Jan Mayen Islands
489,Aaron Garner,uscott@yahoo.com,(897)169-5038,Lao People's Democratic Republic
490,Glenda Livingston,fosterjanet@brown-perry.net,937-062-5916,Korea
491,Stephen Smith,christian44@johnson.biz,(416)752-4414,Romania
492,Kimberly Allen,royshelton@smith.com,(529)551-2303,Benin
493,David Rollins,victorboyd@gmail.com,(782)008-4344x508,Bulgaria
494,Jennifer Sandoval,kathleen11@barrera-davis.com,(200)523-6512x93500,Mali
495,Brenda Robinson,foxtina@ramirez.org,+1-255-247-7173,Sri Lanka
496,Destiny Mclean,kharris@hotmail.com,482-034-5924,Monaco
497,Stefanie Booth,vanessabarnes@gmail.com,+1-269-386-3544,United States Minor Outlying Islands
498,Austin Bryan,jenniferhall@hotmail.com,+1-574-586-9616,Turkmenistan
499,Benjamin Browning,debra40@gmail.com,001-449-485-9638x323,Angola
500,Kristina Williams,wthompson@hotmail.com,6312123977,Uzbekistan
